frame_time_s,f0_hz
0.0,
0.0929,
0.1858,350.237
0.2786,352.266
0.3715,409.35
0.4644,207.053
0.5573,194.306
0.6502,190.968
0.743,196.564
0.8359,202.324
0.9288,198.848
1.0217,204.675
1.1146,194.306
1.2074,197.703
1.3003,190.968
1.3932,360.5
1.4861,131.191
1.579,173.107
1.6718,178.18
1.7647,180.25
1.8576,183.401
1.9505,175.119
2.0434,181.294
2.1362,176.133
2.2291,176.133
2.322,176.133
2.4149,172.11
2.5078,176.133
2.6006,175.119
2.6935,183.401
2.7864,207.053
2.8793,194.306
2.9722,192.075
3.065,87.559
3.1579,77.557
3.2508,51.763
3.3437,136.604
3.4366,138.992
3.5294,138.992
3.6223,149.831
3.7152,88.067
3.8081,87.559
3.901,83.605
3.9938,82.645
4.0867,65.975
4.1796,82.645
4.2725,82.645
4.3654,82.645
4.4582,175.119
4.5511,174.11
4.644,82.169
4.7369,70.303
4.8297,68.302
4.9226,131.191
5.0155,130.435
5.1084,131.191
5.2013,131.191
5.2941,131.191
5.387,130.435
5.4799,116.878
5.5728,115.535
5.6657,202.324
5.7585,183.401
5.8514,183.401
5.9443,81.225
6.0372,65.218
6.1301,87.559
6.2229,178.18
6.3158,178.18
6.4087,87.559
6.5016,88.067
6.5945,177.154
6.6873,177.154
6.7802,184.463
6.8731,174.11
6.966,175.119
7.0589,177.154
7.1517,174.11
7.2446,173.107
7.3375,348.22
7.4304,197.703
7.5233,90.647
7.6161,69.898
7.709,69.898
7.8019,136.604
7.8948,138.191
7.9877,70.303
8.0805,69.898
8.1734,188.775
8.2663,175.119
8.3592,88.067
8.4521,87.559
8.5449,65.975
8.6378,65.595
8.7307,65.595
8.8236,66.358
8.9165,65.975
9.0093,65.975
9.1022,65.975
9.1951,65.595
9.288,65.595
9.3809,204.675
9.4737,205.86
9.5666,202.324
9.6595,69.496
9.7524,205.86
9.8453,68.698
9.9381,51.763
10.031,87.559
10.1239,114.208
10.2168,52.063
10.3097,52.063
10.4025,87.055
10.4954,205.86
10.5883,175.119
10.6812,177.154
10.7741,87.559
10.8669,195.432
10.9598,91.7
11.0527,96.594
11.1456,131.191
11.2385,124.545
11.3313,273.208
11.4242,134.257
11.5171,131.191
11.61,131.191
11.7029,235.11
11.7957,247.655
11.8886,250.533
11.9815,
12.0744,56.775
12.1673,69.898
12.2601,69.898
12.353,69.898
12.4459,
12.5388,70.303
12.6317,70.303
12.7245,131.191
12.8174,138.191
12.9103,88.067
13.0032,88.577
13.0961,138.191
13.1889,131.951
13.2818,65.975
13.3747,65.975
13.4676,66.358
13.5605,65.975
13.6533,65.975
13.7462,65.595
13.8391,65.595
13.932,65.975
14.0248,51.465
14.1177,102.93
14.2106,196.564
14.3035,205.86
14.3964,202.324
14.4892,208.252
14.5821,204.675
14.675,85.56
14.7679,73.628
14.8608,69.496
14.9536,51.169
15.0465,131.191
15.1394,250.533
15.2323,176.133
15.3252,179.212
15.418,86.554
15.5109,203.496
15.6038,93.303
15.6967,120.303
15.7896,138.191
15.8824,
15.9753,
16.0682,
16.1611,
16.254,
16.3468,
16.4397,
16.5326,
16.6255,
16.7184,
16.8112,
16.9041,225.793
16.997,236.472
17.0899,232.409
17.1828,232.409
17.2756,233.755
17.3685,213.12
17.4614,207.053
17.5543,197.703
17.6472,190.968
17.74,205.86
17.8329,195.432
17.9258,184.463
18.0187,196.564
18.1116,196.564
18.2044,200.0
18.2973,233.755
18.3902,231.071
18.4831,208.252
18.576,194.306
18.6688,192.075
18.7617,179.212
18.8546,215.596
18.9475,352.266
19.0404,400.0
19.1332,197.703
19.2261,381.937
19.319,384.149
19.4119,390.864
19.5048,356.359
19.5976,
19.6905,193.187
19.7834,208.252
19.8763,207.053
19.9692,198.848
20.062,207.053
20.1549,204.675
20.2478,195.432
20.3407,195.432
20.4336,197.703
20.5264,196.564
20.6193,197.703
20.7122,195.432
20.8051,214.355
20.898,229.74
20.9908,215.596
21.0837,205.86
21.1766,138.992
21.2695,69.496
21.3624,66.358
21.4552,129.684
21.5481,53.28
21.641,65.595
21.7339,122.405
21.8268,128.937
21.9196,87.055
22.0125,131.191
22.1054,87.055
22.1983,167.211
22.2912,173.107
22.384,130.435
22.4769,189.868
22.5698,204.675
22.6627,223.199
22.7556,201.159
22.8484,190.968
22.9413,91.7
23.0342,190.968
23.1271,71.12
23.22,132.715
23.3128,131.191
23.4057,88.577
23.4986,87.055
23.5915,
23.6843,
23.7772,51.763
23.8701,66.358
23.963,87.559
24.0559,239.219
24.1487,86.554
24.2416,87.559
24.3345,88.067
24.4274,87.559
24.5203,173.107
24.6131,176.133
24.706,86.554
24.7989,188.775
24.8918,194.306
24.9847,88.577
25.0775,196.564
25.1704,194.306
25.2633,188.775
25.3562,183.401
25.4491,68.698
25.5419,66.742
25.6348,
25.7277,96.594
25.8206,260.87
25.9135,260.87
26.0063,262.382
26.0992,221.914
26.1921,232.409
26.285,232.409
26.3779,233.755
26.4707,232.409
26.5636,233.755
26.6565,235.11
26.7494,210.672
26.8423,159.66
26.9351,208.252
27.028,208.252
27.1209,196.564
27.2138,195.432
27.3067,196.564
27.3995,196.564
27.4924,195.432
27.5853,196.564
27.6782,193.187
27.7711,208.252
27.8639,196.564
27.9568,195.432
28.0497,183.401
28.1426,204.675
28.2355,197.703
28.3283,89.09
28.4212,64.469
28.5141,194.306
28.607,129.684
28.6999,134.257
28.7927,128.937
28.8856,146.409
28.9785,193.187
29.0714,196.564
29.1643,192.075
29.2571,194.306
29.35,207.053
29.4429,193.187
29.5358,197.703
29.6287,207.053
29.7215,195.432
29.8144,196.564
29.9073,196.564
30.0002,200.0
30.0931,139.797
30.1859,198.848
30.2788,195.432
30.3717,136.604
30.4646,294.513
30.5575,317.48
30.6503,
30.7432,
30.8361,227.101
30.929,223.199
31.0219,249.09
31.1147,87.055
31.2076,188.775
31.3005,87.559
31.3934,240.605
31.4863,205.86
31.5791,91.7
31.672,256.389
31.7649,202.324
31.8578,201.159
31.9507,195.432
32.0435,204.675
32.1364,204.675
32.2293,218.102
32.3222,219.365
32.4151,
32.5079,
32.6008,
32.6937,
32.7866,
32.8794,
32.9723,
33.0652,
33.1581,
33.251,
33.3438,
33.4367,
33.5296,592.439
33.6225,215.596
33.7154,262.382
33.8082,90.125
33.9011,259.368
33.994,262.382
34.0869,198.848
34.1798,211.893
34.2726,235.11
34.3655,225.793
34.4584,232.409
34.5513,232.409
34.6442,232.409
34.737,232.409
34.8299,232.409
34.9228,274.791
35.0157,276.383
35.1086,233.755
35.2014,233.755
35.2943,262.382
35.3872,260.87
35.4801,224.492
35.573,262.382
35.6658,263.902
35.7587,114.87
35.8516,112.896
35.9445,205.86
36.0374,130.435
36.1302,193.187
36.2231,176.133
36.316,208.252
36.4089,208.252
36.5018,232.409
36.5946,235.11
36.6875,232.409
36.7804,232.409
36.8733,232.409
36.9662,233.755
37.059,120.303
37.1519,233.755
37.2448,233.755
37.3377,205.86
37.4306,213.12
37.5234,233.755
37.6163,232.409
37.7092,247.655
37.8021,249.09
37.895,247.655
37.9878,256.389
38.0807,205.86
38.1736,208.252
38.2665,208.252
38.3594,233.755
38.4522,228.416
38.5451,207.053
38.638,216.845
38.7309,214.355
38.8238,195.432
38.9166,201.159
39.0095,194.306
39.1024,196.564
39.1953,203.496
39.2882,197.703
39.381,192.075
39.4739,193.187
39.5668,196.564
39.6597,196.564
39.7526,201.159
39.8454,194.306
39.9383,207.053
40.0312,201.159
40.1241,210.672
40.217,209.459
40.3098,214.355
40.4027,71.12
40.4956,204.675
40.5885,200.0
40.6814,84.09
40.7742,193.187
40.8671,176.133
40.96,177.154
41.0529,197.703
41.1458,175.119
41.2386,174.11
41.3315,175.119
41.4244,196.564
41.5173,185.532
41.6102,196.564
41.703,207.053
41.7959,188.775
41.8888,195.432
41.9817,176.133
42.0745,177.154
42.1674,156.917
42.2603,195.432
42.3532,176.133
42.4461,156.013
42.5389,58.777
42.6318,156.917
42.7247,130.435
42.8176,131.951
42.9105,205.86
43.0033,195.432
43.0962,205.86
43.1891,214.355
43.282,140.607
43.3749,131.951
43.4677,213.12
43.5606,117.555
43.6535,239.219
43.7464,200.0
43.8393,201.159
43.9321,241.999
44.025,624.052
44.1179,642.338
44.2108,231.071
44.3037,233.755
44.3965,233.755
44.4894,233.755
44.5823,193.187
44.6752,102.337
44.7681,102.337
44.8609,233.755
44.9538,233.755
45.0467,
45.1396,71.12
45.2325,103.526
45.3253,227.101
45.4182,176.133
45.5111,175.119
45.604,195.432
45.6969,196.564
45.7897,184.463
45.8826,205.86
45.9755,207.053
46.0684,205.86
46.1613,196.564
46.2541,196.564
46.347,185.532
46.4399,173.107
46.5328,165.29
46.6257,244.811
46.7185,82.169
46.8114,82.645
46.9043,207.053
46.9972,166.248
47.0901,165.29
47.1829,164.338
47.2758,155.114
47.3687,55.159
47.4616,64.469
47.5545,131.191
47.6473,131.191
47.7402,131.191
47.8331,133.484
47.926,87.559
48.0189,87.559
48.1117,87.055
48.2046,87.559
48.2975,87.559
48.3904,88.067
48.4833,89.606
48.5761,91.7
48.669,180.25
48.7619,175.119
48.8548,175.119
48.9477,174.11
49.0405,175.119
49.1334,175.119
49.2263,202.324
49.3192,201.159
49.4121,207.053
49.5049,207.053
49.5978,190.968
49.6907,184.463
49.7836,178.18
49.8765,176.133
49.9693,177.154
50.0622,175.119
50.1551,175.119
50.248,165.29
50.3409,175.119
50.4337,177.154
50.5266,64.469
50.6195,117.555
50.7124,200.0
50.8053,210.672
50.8981,123.114
50.991,200.0
51.0839,205.86
51.1768,175.119
51.2696,163.392
51.3625,175.119
51.4554,171.119
51.5483,201.159
51.6412,
51.734,220.636
51.8269,181.294
51.9198,208.252
52.0127,181.294
52.1056,175.119
52.1984,183.401
52.2913,87.055
52.3842,175.119
52.4771,175.119
52.57,175.119
52.6628,175.119
52.7557,184.463
52.8486,68.302
52.9415,58.439
53.0344,95.484
53.1272,58.777
53.2201,115.535
53.313,205.86
53.4059,179.212
53.4988,179.212
53.5916,324.901
53.6845,175.119
53.7774,175.119
53.8703,185.532
53.9632,182.344
54.056,207.053
54.1489,207.053
54.2418,207.053
54.3347,193.187
54.4276,203.496
54.5204,209.459
54.6133,204.675
54.7062,183.401
54.7991,180.25
54.892,176.133
54.9848,184.463
55.0777,194.306
55.1706,
55.2635,
55.3564,
55.4492,
55.5421,
55.635,
55.7279,
55.8208,175.119
55.9136,176.133
56.0065,175.119
56.0994,173.107
56.1923,176.133
56.2852,184.463
56.378,208.252
56.4709,221.914
56.5638,207.053
56.6567,184.463
56.7496,175.119
56.8424,175.119
56.9353,185.532
57.0282,182.344
57.1211,182.344
57.214,176.133
57.3068,174.11
57.3997,193.187
57.4926,188.775
57.5855,195.432
57.6784,200.0
57.7712,195.432
57.8641,194.306
57.957,194.306
58.0499,208.252
58.1428,195.432
58.2356,195.432
58.3285,84.577
58.4214,192.075
58.5143,209.459
58.6072,87.055
58.7,87.055
58.7929,232.409
58.8858,112.896
58.9787,185.532
59.0716,88.067
59.1644,260.87
59.2573,260.87
59.3502,262.382
59.4431,203.496
59.536,213.12
59.6288,260.87
59.7217,198.848
59.8146,292.817
59.9075,312.026
60.0004,211.893
60.0932,277.984
60.1861,277.984
60.279,246.229
60.3719,257.874
60.4647,233.755
60.5576,240.605
60.6505,260.87
60.7434,233.755
60.8363,232.409
60.9291,262.382
61.022,260.87
61.1149,232.409
61.2078,114.87
61.3007,193.187
61.3935,180.25
61.4864,92.766
61.5793,257.874
61.6722,262.382
61.7651,180.25
61.8579,86.554
61.9508,87.055
62.0437,204.675
62.1366,308.442
62.2295,310.229
62.3223,201.159
62.4152,277.984
62.5081,276.383
62.601,276.383
62.6939,266.968
62.7867,240.605
62.8796,233.755
62.9725,262.382
63.0654,240.605
63.1583,233.755
63.2511,243.401
63.344,131.191
63.4369,231.071
63.5298,213.12
63.6227,92.766
63.7155,88.067
63.8084,205.86
63.9013,129.684
63.9942,131.191
64.0871,90.125
64.1799,86.055
64.2728,262.382
64.3657,196.564
64.4586,270.07
64.5515,310.229
64.6443,229.74
64.7372,276.383
64.8301,276.383
64.923,276.383
65.0159,260.87
65.1087,262.382
65.2016,262.382
65.2945,262.382
65.3874,232.409
65.4803,231.071
65.5731,219.365
65.666,262.382
65.7589,235.11
65.8518,237.841
65.9447,205.86
66.0375,205.86
66.1304,205.86
66.2233,207.053
66.3162,208.252
66.4091,204.675
66.5019,207.053
66.5948,207.053
66.6877,207.053
66.7806,201.159
66.8735,233.755
66.9663,214.355
67.0592,232.409
67.1521,232.409
67.245,232.409
67.3379,116.205
67.4307,211.893
67.5236,209.459
67.6165,195.432
67.7094,197.703
67.8023,208.252
67.8951,198.848
67.988,187.688
68.0809,69.496
68.1738,69.496
68.2667,69.096
68.3595,69.496
68.4524,69.496
68.5453,69.496
68.6382,69.496
68.7311,92.766
68.8239,69.496
68.9168,69.496
69.0097,69.496
69.1026,69.096
69.1955,93.844
69.2883,239.219
69.3812,231.071
69.4741,250.533
69.567,247.655
69.6598,233.755
69.7527,232.409
69.8456,232.409
69.9385,232.409
70.0314,243.401
70.1242,260.87
70.2171,262.382
70.31,130.435
70.4029,65.595
70.4958,65.595
70.5886,65.595
70.6815,65.595
70.7744,65.595
70.8673,131.191
70.9602,213.12
71.053,210.672
71.1459,271.634
71.2388,220.636
71.3317,260.87
71.4246,260.87
71.5174,231.071
71.6103,232.409
71.7032,216.845
71.7961,87.055
71.889,65.595
71.9818,65.595
72.0747,131.951
72.1676,130.435
72.2605,65.595
72.3534,130.435
72.4462,129.684
72.5391,190.968
72.632,
72.7249,207.053
72.8178,186.607
72.9106,173.107
73.0035,177.154
73.0964,87.055
73.1893,178.18
73.2822,174.11
73.375,207.053
73.4679,241.999
73.5608,114.87
73.6537,211.893
73.7466,187.688
73.8394,97.716
73.9323,176.133
74.0252,203.496
74.1181,262.382
74.211,260.87
74.3038,235.11
74.3967,235.11
74.4896,247.655
74.5825,214.355
74.6754,204.675
74.7682,195.432
74.8611,192.075
74.954,176.133
75.0469,174.11
75.1398,174.11
75.2326,175.119
75.3255,87.055
75.4184,87.055
75.5113,224.492
75.6042,254.912
75.697,254.912
75.7899,229.74
75.8828,262.382
75.9757,249.09
76.0686,190.968
76.1614,599.323
76.2543,233.755
76.3472,216.845
76.4401,232.409
76.533,116.205
76.6258,73.628
76.7187,116.205
76.8116,232.409
76.9045,231.071
76.9974,232.409
77.0902,237.841
77.1831,192.075
77.276,276.383
77.3689,276.383
77.4618,138.191
77.5546,69.096
77.6475,69.496
77.7404,69.496
77.8333,94.387
77.9262,88.067
78.019,175.119
78.1119,211.893
78.2048,263.902
78.2977,87.055
78.3906,194.306
78.4834,233.755
78.5763,232.409
78.6692,233.755
78.7621,233.755
78.855,231.071
78.9478,232.409
79.0407,232.409
79.1336,232.409
79.2265,210.672
79.3193,232.409
79.4122,235.11
79.5051,213.12
79.598,232.409
79.6909,231.071
79.7837,215.596
79.8766,232.409
79.9695,218.102
80.0624,195.432
80.1553,204.675
80.2481,196.564
80.341,196.564
80.4339,198.848
80.5268,211.893
80.6197,197.703
80.7125,198.848
80.8054,196.564
80.8983,198.848
80.9912,200.0
81.0841,200.0
81.1769,195.432
81.2698,192.075
81.3627,195.432
81.4556,196.564
81.5485,196.564
81.6413,194.306
81.7342,194.306
81.8271,197.703
81.92,196.564
82.0129,388.613
82.1057,384.149
82.1986,193.187
82.2915,193.187
82.3844,194.306
82.4773,194.306
82.5701,388.613
82.663,388.613
82.7559,131.951
82.8488,131.951
82.9417,126.722
83.0345,229.74
83.1274,186.607
83.2203,254.912
83.3132,201.159
83.4061,130.435
83.4989,259.368
83.5918,240.605
83.6847,251.984
83.7776,
83.8705,
83.9633,
84.0562,
84.1491,
84.242,52.063
84.3349,88.577
84.4277,89.606
84.5206,88.577
84.6135,88.577
84.7064,88.067
84.7993,189.868
84.8921,178.18
84.985,78.007
85.0779,188.775
85.1708,260.87
85.2637,233.755
85.3565,211.893
85.4494,231.071
85.5423,232.409
85.6352,221.914
85.7281,232.409
85.8209,232.409
85.9138,227.101
86.0067,233.755
86.0996,274.791
86.1925,276.383
86.2853,276.383
86.3782,276.383
86.4711,276.383
86.564,262.382
86.6569,262.382
86.7497,260.87
86.8426,260.87
86.9355,260.87
87.0284,211.893
87.1213,207.053
87.2141,208.252
87.307,207.053
87.3999,170.133
87.4928,208.252
87.5857,208.252
87.6785,205.86
87.7714,202.324
87.8643,202.324
87.9572,198.848
88.0501,195.432
88.1429,200.0
88.2358,196.564
88.3287,194.306
88.4216,205.86
88.5144,196.564
88.6073,105.336
88.7002,65.595
88.7931,67.909
88.886,
88.9788,
89.0717,220.636
89.1646,193.187
89.2575,144.727
89.3504,87.055
89.4432,192.075
89.5361,332.495
89.629,352.266
89.7219,177.154
89.8148,299.661
89.9076,262.382
90.0005,198.848
90.0934,232.409
90.1863,232.409
90.2792,232.409
90.372,179.212
90.4649,233.755
90.5578,232.409
90.6507,233.755
90.7436,231.071
90.8364,232.409
90.9293,501.066
91.0222,276.383
91.1151,276.383
91.208,
91.3008,262.382
91.3937,262.382
91.4866,260.87
91.5795,257.874
91.6724,211.893
91.7652,207.053
91.8581,208.252
91.951,131.951
92.0439,84.577
92.1368,204.675
92.2296,210.672
92.3225,203.496
92.4154,196.564
92.5083,208.252
92.6012,200.0
92.694,193.187
92.7869,204.675
92.8798,196.564
92.9727,193.187
93.0656,198.848
93.1584,186.607
93.2513,219.365
93.3442,210.672
93.4371,182.344
93.53,205.86
93.6228,86.554
93.7157,52.063
93.8086,87.559
93.9015,87.055
93.9944,88.067
94.0872,202.324
94.1801,174.11
94.273,87.055
94.3659,
94.4588,50.874
94.5516,87.055
94.6445,205.86
94.7374,211.893
94.8303,198.848
94.9232,200.0
95.016,192.075
95.1089,196.564
95.2018,195.432
95.2947,98.282
95.3876,97.153
95.4804,195.432
95.5733,200.0
95.6662,204.675
95.7591,195.432
95.852,205.86
95.9448,87.055
96.0377,
96.1306,
96.2235,
96.3164,
96.4092,
96.5021,76.225
96.595,208.252
96.6879,200.0
96.7808,207.053
96.8736,207.053
96.9665,209.459
97.0594,202.324
97.1523,196.564
97.2452,196.564
97.338,194.306
97.4309,196.564
97.5238,195.432
97.6167,194.306
97.7095,65.218
97.8024,194.306
97.8953,196.564
97.9882,196.564
98.0811,66.358
98.1739,204.675
98.2668,69.496
98.3597,208.252
98.4526,205.86
98.5455,197.703
98.6383,92.766
98.7312,205.86
98.8241,260.87
98.917,263.902
99.0099,271.634
99.1027,89.09
99.1956,198.848
99.2885,195.432
99.3814,197.703
99.4743,198.848
99.5671,196.564
99.66,202.324
99.7529,
99.8458,193.187
99.9387,208.252
100.0315,203.496
100.1244,196.564
100.2173,197.703
100.3102,184.463
100.4031,187.688
100.4959,205.86
100.5888,211.893
100.6817,208.252
100.7746,211.893
100.8675,257.874
100.9603,240.605
101.0532,203.496
101.1461,195.432
101.239,130.435
101.3319,260.87
101.4247,91.172
101.5176,
101.6105,
101.7034,
101.7963,
101.8891,
101.982,
102.0749,
102.1678,
102.2607,
102.3535,
102.4464,
102.5393,
102.6322,65.595
102.7251,66.742
102.8179,200.0
102.9108,88.577
103.0037,229.74
103.0966,229.74
103.1895,128.937
103.2823,86.554
103.3752,87.055
103.4681,90.125
103.561,61.557
103.6539,175.119
103.7467,174.11
103.8396,348.22
103.9325,350.237
104.0254,174.11
104.1183,274.791
104.2111,350.237
104.304,177.154
104.3969,233.755
104.4898,232.409
104.5827,208.252
104.6755,232.409
104.7684,233.755
104.8613,232.409
104.9542,232.409
105.0471,232.409
105.1399,216.845
105.2328,233.755
105.3257,241.999
105.4186,229.74
105.5115,129.684
105.6043,244.811
105.6972,208.252
105.7901,207.053
105.883,207.053
105.9759,208.252
106.0687,157.826
106.1616,233.755
106.2545,231.071
106.3474,229.74
106.4403,235.11
106.5331,232.409
106.626,172.11
106.7189,232.409
106.8118,233.755
106.9046,214.355
106.9975,211.893
107.0904,196.564
107.1833,194.306
107.2762,196.564
107.369,65.975
107.4619,203.496
107.5548,211.893
107.6477,132.715
107.7406,127.456
107.8334,194.306
107.9263,87.055
108.0192,87.055
108.1121,184.463
108.205,348.22
108.2978,310.229
108.3907,179.212
108.4836,263.902
108.5765,232.409
108.6694,219.365
108.7622,232.409
108.8551,233.755
108.948,183.401
109.0409,232.409
109.1338,235.11
109.2266,204.675
109.3195,276.383
109.4124,276.383
109.5053,276.383
109.5982,138.191
109.691,233.755
109.7839,218.102
109.8768,197.703
109.9697,262.382
110.0626,260.87
110.1554,260.87
110.2483,260.87
110.3412,88.067
110.4341,211.893
110.527,207.053
110.6198,207.053
110.7127,207.053
110.8056,207.053
110.8985,208.252
110.9914,207.053
111.0842,208.252
111.1771,232.409
111.27,233.755
111.3629,232.409
111.4558,232.409
111.5486,235.11
111.6415,210.672
111.7344,203.496
111.8273,196.564
111.9202,65.595
112.013,67.129
112.1059,
112.1988,
112.2917,
112.3846,
112.4774,
112.5703,
112.6632,
112.7561,
112.849,
112.9418,
113.0347,
113.1276,
113.2205,
113.3134,
113.4062,
113.4991,
113.592,
113.6849,
113.7778,
113.8706,
113.9635,
114.0564,
114.1493,
114.2422,64.097
114.335,94.387
114.4279,135.035
114.5208,241.999
114.6137,88.577
114.7066,86.055
114.7994,88.067
114.8923,86.554
114.9852,86.554
115.0781,201.159
115.171,262.382
115.2638,509.824
115.3567,174.11
115.4496,71.947
115.5425,165.29
115.6354,202.324
115.7282,196.564
115.8211,196.564
115.914,98.282
116.0069,65.595
116.0998,65.218
116.1926,66.358
116.2855,
116.3784,
116.4713,
116.5641,
116.657,
116.7499,
116.8428,
116.9357,87.559
117.0285,87.559
117.1214,229.74
117.2143,251.984
117.3072,220.636
117.4001,209.459
117.4929,137.395
117.5858,208.252
117.6787,207.053
117.7716,197.703
117.8645,195.432
117.9573,130.435
118.0502,138.992
118.1431,138.992
118.236,138.992
118.3289,254.912
118.4217,265.43
118.5146,93.303
118.6075,68.698
118.7004,138.191
118.7933,138.992
118.8861,68.698
118.979,69.096
119.0719,138.992
119.1648,271.634
119.2577,116.205
119.3505,116.205
119.4434,115.535
119.5363,117.555
119.6292,117.555
119.7221,116.878
119.8149,116.878
119.9078,116.878
120.0007,116.205
120.0936,58.439
120.1865,58.439
120.2793,58.439
120.3722,98.282
120.4651,98.282
120.558,98.851
120.6509,244.811
120.7437,98.282
120.8366,232.409
120.9295,228.416
121.0224,117.555
121.1153,183.401
121.2081,189.868
121.301,179.212
121.3939,176.133
121.4868,190.968
121.5797,196.564
121.6725,211.893
121.7654,207.053
121.8583,195.432
121.9512,204.675
122.0441,205.86
122.1369,176.133
122.2298,174.11
122.3227,175.119
122.4156,174.11
122.5085,174.11
122.6013,175.119
122.6942,175.119
122.7871,172.11
122.88,129.684
122.9729,193.187
123.0657,200.0
123.1586,128.194
123.2515,150.699
123.3444,178.18
123.4373,175.119
123.5301,175.119
123.623,176.133
123.7159,175.119
123.8088,205.86
123.9017,200.0
123.9945,208.252
124.0874,204.675
124.1803,198.848
124.2732,196.564
124.3661,214.355
124.4589,175.119
124.5518,176.133
124.6447,185.532
124.7376,175.119
124.8305,174.11
124.9233,175.119
125.0162,166.248
125.1091,160.585
125.202,131.191
125.2949,187.688
125.3877,66.358
125.4806,64.842
125.5735,86.055
125.6664,147.257
125.7592,87.055
125.8521,184.463
125.945,176.133
126.0379,65.595
126.1308,198.848
126.2236,179.212
126.3165,209.459
126.4094,189.868
126.5023,195.432
126.5952,87.055
126.688,183.401
126.7809,175.119
126.8738,176.133
126.9667,175.119
127.0596,177.154
127.1524,176.133
127.2453,175.119
127.3382,174.11
127.4311,177.154
127.524,175.119
127.6168,200.0
127.7097,185.532
127.8026,175.119
127.8955,185.532
127.9884,175.119
128.0812,176.133
128.1741,176.133
128.267,175.119
128.3599,175.119
128.4528,201.159
128.5456,176.133
128.6385,175.119
128.7314,162.45
128.8243,170.133
128.9172,89.606
129.01,224.492
129.1029,174.11
129.1958,
129.2887,176.133
129.3816,179.212
129.4744,176.133
129.5673,175.119
129.6602,59.118
129.7531,135.817
129.846,131.191
129.9388,90.125
130.0317,65.218
130.1246,131.951
130.2175,213.12
130.3104,130.435
130.4032,131.191
130.4961,253.444
130.589,228.416
130.6819,185.532
130.7748,187.688
130.8676,176.133
130.9605,175.119
131.0534,69.096
131.1463,128.194
131.2392,190.968
131.332,176.133
131.4249,104.126
131.5178,143.065
131.6107,260.87
131.7036,188.775
131.7964,262.382
131.8893,233.755
131.9822,233.755
132.0751,232.409
132.168,240.605
132.2608,197.703
132.3537,231.071
132.4466,235.11
132.5395,220.636
132.6324,233.755
132.7252,233.755
132.8181,231.071
132.911,231.071
133.0039,233.755
133.0968,204.675
133.1896,236.472
133.2825,205.86
133.3754,208.252
133.4683,208.252
133.5612,205.86
133.654,204.675
133.7469,233.755
133.8398,231.071
133.9327,204.675
134.0256,178.18
134.1184,
134.2113,
134.3042,190.968
134.3971,216.845
134.49,194.306
134.5828,196.564
134.6757,65.595
134.7686,196.564
134.8615,201.159
134.9543,194.306
135.0472,195.432
135.1401,196.564
135.233,196.564
135.3259,196.564
135.4187,205.86
135.5116,204.675
135.6045,205.86
135.6974,175.119
135.7903,175.119
135.8831,174.11
135.976,87.559
136.0689,87.559
136.1618,175.119
136.2547,175.119
136.3475,194.306
136.4404,198.848
136.5333,193.187
136.6262,232.409
136.7191,232.409
136.8119,241.999
136.9048,213.12
136.9977,235.11
137.0906,121.7
137.1835,201.159
137.2763,231.071
137.3692,235.11
137.4621,235.11
137.555,214.355
137.6479,232.409
137.7407,215.596
137.8336,241.999
137.9265,260.87
138.0194,219.365
138.1123,270.07
138.2051,130.435
138.298,87.559
138.3909,262.382
138.4838,257.874
138.5767,233.755
138.6695,182.344
138.7624,233.755
138.8553,233.755
138.9482,211.893
139.0411,276.383
139.1339,277.984
139.2268,189.868
139.3197,203.496
139.4126,68.698
139.5055,188.775
139.5983,232.409
139.6912,233.755
139.7841,233.755
139.877,116.878
139.9699,232.409
140.0627,232.409
140.1556,233.755
140.2485,233.755
140.3414,233.755
140.4343,232.409
140.5271,262.382
140.62,87.055
140.7129,262.382
140.8058,262.382
140.8987,263.902
140.9915,174.11
141.0844,128.937
141.1773,263.902
141.2702,207.053
141.3631,260.87
141.4559,263.902
141.5488,182.344
141.6417,236.472
141.7346,232.409
141.8275,231.071
141.9203,232.409
142.0132,233.755
142.1061,233.755
142.199,116.205
142.2919,232.409
142.3847,180.25
142.4776,233.755
142.5705,233.755
142.6634,233.755
142.7563,214.355
142.8491,209.459
142.942,472.943
143.0349,197.703
143.1278,196.564
143.2207,195.432
143.3135,196.564
143.4064,195.432
143.4993,65.595
143.5922,203.496
143.6851,198.848
143.7779,205.86
143.8708,196.564
143.9637,96.594
144.0566,
144.1494,
144.2423,
144.3352,
144.4281,
144.521,
144.6138,
144.7067,
144.7996,
144.8925,
144.9854,
145.0782,
145.1711,
145.264,
145.3569,
145.4498,
145.5426,
145.6355,
145.7284,143.065
145.8213,175.119
145.9142,205.86
146.007,174.11
146.0999,175.119
146.1928,190.968
146.2857,218.102
146.3786,116.878
146.4714,253.444
146.5643,213.12
146.6572,151.572
146.7501,128.937
146.843,72.363
146.9358,196.564
147.0287,175.119
147.1216,175.119
147.2145,175.119
147.3074,175.119
147.4002,175.119
147.4931,175.119
147.586,174.11
147.6789,202.324
147.7718,174.11
147.8646,174.11
147.9575,194.306
148.0504,172.11
148.1433,175.119
148.2362,188.775
148.329,95.484
148.4219,129.684
148.5148,130.435
148.6077,195.432
148.7006,194.306
148.7934,198.848
148.8863,96.037
148.9792,175.119
149.0721,176.133
149.165,61.203
149.2578,51.763
149.3507,65.595
149.4436,58.777
149.5365,174.11
149.6294,173.107
149.7222,175.119
149.8151,175.119
149.908,86.554
150.0009,204.675
150.0938,161.515
150.1866,176.133
150.2795,187.688
150.3724,175.119
150.4653,174.11
150.5582,224.492
150.651,224.492
150.7439,239.219
150.8368,176.133
150.9297,200.0
151.0226,116.878
151.1154,117.555
151.2083,89.606
151.3012,96.594
151.3941,68.698
151.487,176.133
151.5798,146.409
151.6727,90.125
151.7656,203.496
151.8585,174.11
151.9514,175.119
152.0442,178.18
152.1371,174.11
152.23,87.559
152.3229,198.848
152.4158,176.133
152.5086,174.11
152.6015,203.496
152.6944,181.294
152.7873,127.456
152.8802,133.484
152.973,243.401
153.0659,130.435
153.1588,130.435
153.2517,198.848
153.3445,65.218
153.4374,64.842
153.5303,186.607
153.6232,180.25
153.7161,131.191
153.8089,184.463
153.9018,88.577
153.9947,176.133
154.0876,207.053
154.1805,197.703
154.2733,93.303
154.3662,270.07
154.4591,344.221
154.552,
154.6449,213.12
154.7377,240.605
154.8306,250.533
154.9235,262.382
155.0164,137.395
155.1093,175.119
155.2021,174.11
155.295,153.333
155.3879,348.22
155.4808,
155.5737,200.0
155.6665,235.11
155.7594,116.878
155.8523,220.636
155.9452,
156.0381,
156.1309,260.87
156.2238,253.444
156.3167,310.229
156.4096,193.187
156.5025,312.026
156.5953,177.154
156.6882,172.11
156.7811,87.559
156.874,86.055
156.9669,253.444
157.0597,262.382
157.1526,262.382
157.2455,262.382
157.3384,197.703
157.4313,156.013
157.5241,155.114
157.617,90.125
157.7099,276.383
157.8028,277.984
157.8957,202.324
157.9885,92.766
158.0814,65.218
158.1743,207.053
158.2672,66.358
158.3601,116.205
158.4529,232.409
158.5458,231.071
158.6387,232.409
158.7316,216.845
158.8245,259.368
158.9173,260.87
159.0102,262.382
159.1031,208.252
159.196,205.86
159.2889,207.053
159.3817,209.459
159.4746,208.252
159.5675,208.252
159.6604,202.324
159.7533,116.205
159.8461,68.698
159.939,203.496
160.0319,196.564
160.1248,198.848
160.2177,200.0
160.3105,211.893
160.4034,232.409
160.4963,233.755
160.5892,233.755
160.6821,233.755
160.7749,233.755
160.8678,232.409
160.9607,244.811
161.0536,233.755
161.1465,207.053
161.2393,214.355
161.3322,210.672
161.4251,492.458
161.518,220.636
161.6109,182.344
161.7037,228.416
161.7966,103.526
161.8895,104.126
161.9824,195.432
162.0753,229.74
162.1681,231.071
162.261,205.86
162.3539,501.066
162.4468,251.984
162.5396,196.564
162.6325,243.401
162.7254,256.389
162.8183,216.845
162.9112,253.444
163.004,237.841
163.0969,260.87
163.1898,260.87
163.2827,312.026
163.3756,155.114
163.4684,164.338
163.5613,176.133
163.6542,176.133
163.7471,265.43
163.84,263.902
163.9328,196.564
164.0257,262.382
164.1186,260.87
164.2115,262.382
164.3044,203.496
164.3972,613.331
164.4901,620.458
164.583,207.053
164.6759,208.252
164.7688,292.817
164.8616,204.675
164.9545,228.416
165.0474,260.87
165.1403,196.564
165.2332,233.755
165.326,232.409
165.4189,232.409
165.5118,135.035
165.6047,131.191
165.6976,131.191
165.7904,86.554
165.8833,257.874
165.9762,260.87
166.0691,262.382
166.162,250.533
166.2548,88.577
166.3477,201.159
166.4406,203.496
166.5335,205.86
166.6264,205.86
166.7192,207.053
166.8121,207.053
166.905,205.86
166.9979,196.564
167.0908,196.564
167.1836,196.564
167.2765,196.564
167.3694,195.432
167.4623,195.432
167.5552,98.282
167.648,103.526
167.7409,207.053
167.8338,195.432
167.9267,196.564
168.0196,196.564
168.1124,97.153
168.2053,195.432
168.2982,208.252
168.3911,196.564
168.484,195.432
168.5768,195.432
168.6697,203.496
168.7626,65.218
168.8555,87.055
168.9484,200.0
169.0412,165.29
169.1341,246.229
169.227,232.409
169.3199,237.841
169.4128,489.621
169.5056,495.311
169.5985,192.075
169.6914,233.755
169.7843,233.755
169.8772,241.999
169.97,160.585
170.0629,243.401
170.1558,77.111
170.2487,176.133
170.3416,171.119
170.4344,204.675
170.5273,174.11
170.6202,87.055
170.7131,213.12
170.806,69.496
170.8988,198.848
170.9917,196.564
171.0846,211.893
171.1775,196.564
171.2704,284.481
171.3632,207.053
171.4561,208.252
171.549,209.459
171.6419,73.204
171.7348,224.492
171.8276,232.409
171.9205,233.755
172.0134,232.409
172.1063,232.409
172.1991,86.554
172.292,256.389
172.3849,229.74
172.4778,231.071
172.5707,241.999
172.6635,207.053
172.7564,205.86
172.8493,196.564
172.9422,194.306
173.0351,87.559
173.1279,198.848
173.2208,86.554
173.3137,215.596
173.4066,188.775
173.4995,87.559
173.5923,88.067
173.6852,176.133
173.7781,183.401
173.871,176.133
173.9639,220.636
174.0567,202.324
174.1496,204.675
174.2425,195.432
174.3354,224.492
174.4283,116.878
174.5211,195.432
174.614,196.564
174.7069,116.205
174.7998,193.187
174.8927,207.053
174.9855,207.053
175.0784,205.86
175.1713,88.067
175.2642,86.055
175.3571,251.984
175.4499,260.87
175.5428,270.07
175.6357,87.055
175.7286,88.577
175.8215,92.232
175.9143,85.56
176.0072,177.154
176.1001,135.035
176.193,133.484
176.2859,203.496
176.3787,219.365
176.4716,213.12
176.5645,205.86
176.6574,214.355
176.7503,205.86
176.8431,198.848
176.936,194.306
177.0289,201.159
177.1218,204.675
177.2147,209.459
177.3075,196.564
177.4004,197.703
177.4933,235.11
177.5862,253.444
177.6791,260.87
177.7719,247.655
177.8648,486.801
177.9577,253.444
178.0506,229.74
178.1435,253.444
178.2363,164.338
178.3292,174.11
178.4221,161.515
178.515,165.29
178.6079,205.86
178.7007,200.0
178.7936,201.159
178.8865,198.848
178.9794,197.703
179.0723,198.848
179.1651,204.675
179.258,194.306
179.3509,233.755
179.4438,197.703
179.5367,205.86
179.6295,210.672
179.7224,200.0
179.8153,87.559
179.9082,241.999
180.0011,87.055
180.0939,237.841
180.1868,83.605
180.2797,87.559
180.3726,87.055
180.4655,87.055
180.5583,87.055
180.6512,181.294
180.7441,260.87
180.837,128.194
180.9299,202.324
181.0227,233.755
181.1156,231.071
181.2085,203.496
181.3014,231.071
181.3942,233.755
181.4871,198.848
181.58,232.409
181.6729,232.409
181.7658,228.416
181.8586,253.444
181.9515,276.383
182.0444,276.383
182.1373,259.368
182.2302,260.87
182.323,87.055
182.4159,87.055
182.5088,263.902
182.6017,88.577
182.6946,90.125
182.7874,136.604
182.8803,90.125
182.9732,209.459
183.0661,259.368
183.159,262.382
183.2518,219.365
183.3447,240.605
183.4376,253.444
183.5305,211.893
183.6234,231.071
183.7162,232.409
183.8091,231.071
183.902,274.791
183.9949,276.383
184.0878,274.791
184.1806,131.191
184.2735,128.194
184.3664,78.007
184.4593,87.055
184.5522,87.055
184.645,86.554
184.7379,224.492
184.8308,87.055
184.9237,88.067
185.0166,89.606
185.1094,88.067
185.2023,87.559
185.2952,203.496
185.3881,88.067
185.481,87.055
185.5738,202.324
185.6667,233.755
185.7596,240.605
185.8525,221.914
185.9454,228.416
186.0382,
186.1311,
186.224,
186.3169,
186.4098,
186.5026,
186.5955,
186.6884,
186.7813,
186.8742,
186.967,350.237
187.0599,350.237
187.1528,348.22
187.2457,348.22
187.3386,346.215
187.4314,350.237
187.5243,350.237
187.6172,348.22
187.7101,350.237
187.803,348.22
187.8958,348.22
187.9887,388.613
188.0816,390.864
188.1745,390.864
188.2674,404.648
188.3602,409.35
188.4531,393.128
188.546,348.22
188.6389,348.22
188.7318,350.237
188.8246,350.237
188.9175,348.22
189.0104,352.266
189.1033,244.811
189.1962,87.055
189.289,87.055
189.3819,87.559
189.4748,87.559
189.5677,87.559
189.6606,205.86
189.7534,175.119
189.8463,87.559
189.9392,203.496
190.0321,87.559
190.125,235.11
190.2178,231.071
190.3107,233.755
190.4036,232.409
190.4965,231.071
190.5893,213.12
190.6822,211.893
190.7751,232.409
190.868,231.071
190.9609,265.43
191.0537,277.984
191.1466,138.992
191.2395,138.191
191.3324,138.992
191.4253,92.232
191.5181,87.559
191.611,87.559
191.7039,259.368
191.7968,260.87
191.8897,207.053
191.9825,204.675
192.0754,207.053
192.1683,251.984
192.2612,209.459
192.3541,203.496
192.4469,208.252
192.5398,208.252
192.6327,196.564
192.7256,205.86
192.8185,197.703
192.9113,198.848
193.0042,65.595
193.0971,65.218
193.19,65.595
193.2829,65.975
193.3757,64.469
193.4686,67.517
193.5615,65.595
193.6544,65.595
193.7473,203.496
193.8401,87.559
193.933,87.559
194.0259,
194.1188,53.589
194.2117,146.409
194.3045,204.675
194.3974,296.22
194.4903,348.22
194.5832,348.22
194.6761,215.596
194.7689,276.383
194.8618,174.11
194.9547,235.11
195.0476,233.755
195.1405,233.755
195.2333,182.344
195.3262,232.409
195.4191,232.409
195.512,233.755
195.6049,233.755
195.6977,233.755
195.7906,78.007
195.8835,138.992
195.9764,138.992
196.0693,198.848
196.1621,260.87
196.255,260.87
196.3479,262.382
196.4408,262.382
196.5337,213.12
196.6265,210.672
196.7194,208.252
196.8123,208.252
196.9052,276.383
196.9981,196.564
197.0909,68.302
197.1838,184.463
197.2767,195.432
197.3696,205.86
197.4625,195.432
197.5553,193.187
197.6482,202.324
197.7411,196.564
197.834,97.716
197.9269,198.848
198.0197,200.0
198.1126,202.324
198.2055,67.517
198.2984,67.909
198.3913,
198.4841,
198.577,
198.6699,
198.7628,87.559
198.8557,87.055
198.9485,224.492
199.0414,175.119
199.1343,202.324
199.2272,86.554
199.3201,143.893
199.4129,241.999
199.5058,133.484
199.5987,195.432
199.6916,232.409
199.7844,223.199
199.8773,215.596
199.9702,231.071
200.0631,229.74
200.156,205.86
200.2488,211.893
200.3417,219.365
200.4346,198.848
200.5275,204.675
200.6204,196.564
200.7132,203.496
200.8061,88.577
200.899,64.469
200.9919,64.469
201.0848,
201.1776,
201.2705,277.984
201.3634,406.992
201.4563,406.992
201.5492,196.564
201.642,148.968
201.7349,197.703
201.8278,74.484
201.9207,92.232
202.0136,66.358
202.1064,175.119
202.1993,194.306
202.2922,239.219
202.3851,259.368
202.478,216.845
202.5708,203.496
202.6637,197.703
202.7566,65.595
202.8495,65.595
202.9424,65.595
203.0352,
203.1281,66.358
203.221,52.063
203.3139,69.496
203.4068,66.358
203.4996,65.218
203.5925,
203.6854,88.067
203.7783,87.559
203.8712,88.577
203.964,190.968
204.0569,196.564
204.1498,214.355
204.2427,214.355
204.3356,210.672
204.4284,211.893
204.5213,203.496
204.6142,203.496
204.7071,223.199
204.8,216.845
204.8928,197.703
204.9857,213.12
205.0786,213.12
205.1715,76.225
205.2644,78.007
205.3572,205.86
205.4501,210.672
205.543,189.868
205.6359,180.25
205.7288,503.968
205.8216,495.311
205.9145,263.902
206.0074,260.87
206.1003,518.736
206.1932,524.763
206.286,169.154
206.3789,174.11
206.4718,175.119
206.5647,228.416
206.6576,179.212
206.7504,
206.8433,
206.9362,
207.0291,
207.122,
207.2148,50.29
207.3077,64.469
207.4006,131.951
207.4935,64.842
207.5864,65.975
207.6792,66.358
207.7721,87.559
207.865,87.559
207.9579,89.09
208.0508,175.119
208.1436,175.119
208.2365,87.559
208.3294,271.634
208.4223,271.634
208.5152,350.237
208.608,188.775
208.7009,175.119
208.7938,175.119
208.8867,186.607
208.9796,418.918
209.0724,393.128
209.1653,225.793
209.2582,196.564
209.3511,195.432
209.4439,219.365
209.5368,276.383
209.6297,277.984
209.7226,277.984
209.8155,138.992
209.9083,233.755
210.0012,138.992
210.0941,177.154
210.187,346.215
210.2799,172.11
210.3727,174.11
210.4656,175.119
210.5585,87.559
210.6514,243.401
210.7443,262.382
210.8371,262.382
210.93,183.401
211.0229,260.87
211.1158,262.382
211.2087,198.848
211.3015,233.755
211.3944,233.755
211.4873,228.416
211.5802,243.401
211.6731,232.409
211.7659,251.984
211.8588,515.748
211.9517,521.741
212.0446,260.87
212.1375,244.811
212.2303,263.902
212.3232,262.382
212.4161,175.119
212.509,175.119
212.6019,176.133
212.6947,175.119
212.7876,175.119
212.8805,175.119
212.9734,224.492
213.0663,627.667
213.1591,613.331
213.252,204.675
213.3449,262.382
213.4378,262.382
213.5307,262.382
213.6235,233.755
213.7164,233.755
213.8093,229.74
213.9022,209.459
213.9951,120.303
214.0879,276.383
214.1808,277.984
214.2737,276.383
214.3666,138.992
214.4595,71.947
214.5523,69.496
214.6452,111.6
214.7381,263.902
214.831,262.382
214.9239,262.382
215.0167,262.382
215.1096,262.382
215.2025,262.382
215.2954,260.87
215.3883,260.87
215.4811,263.902
215.574,174.11
215.6669,260.87
215.7598,251.984
215.8527,233.755
215.9455,257.874
216.0384,262.382
216.1313,262.382
216.2242,175.119
216.3171,64.469
216.4099,65.595
216.5028,132.715
216.5957,66.358
216.6886,65.595
216.7815,65.595
216.8743,65.595
216.9672,65.218
217.0601,86.554
217.153,87.559
217.2459,228.416
217.3387,176.133
217.4316,175.119
217.5245,176.133
217.6174,98.282
217.7103,175.119
217.8031,175.119
217.896,177.154
217.9889,156.917
218.0818,173.107
218.1747,239.219
218.2675,98.851
218.3604,97.716
218.4533,98.282
218.5462,196.564
218.639,239.219
218.7319,236.472
218.8248,249.09
218.9177,174.11
219.0106,
219.1034,69.898
219.1963,122.405
219.2892,82.169
219.3821,86.554
219.475,176.133
219.5678,175.119
219.6607,175.119
219.7536,177.154
219.8465,87.559
219.9394,210.672
220.0322,530.861
220.1251,524.763
220.218,521.741
220.3109,521.741
220.4038,521.741
220.4966,530.861
220.5895,194.306
220.6824,65.595
220.7753,65.975
220.8682,66.358
220.961,182.344
221.0539,177.154
221.1468,106.56
221.2397,178.18
221.3326,177.154
221.4254,65.975
221.5183,65.975
221.6112,
221.7041,
221.797,
221.8898,
221.9827,
222.0756,
222.1685,
222.2614,
222.3542,
222.4471,
222.54,
222.6329,
222.7258,
222.8186,
222.9115,138.191
223.0044,138.992
223.0973,138.992
223.1902,94.934
223.283,139.797
223.3759,138.992
223.4688,69.096
223.5617,138.191
223.6546,138.992
223.7474,69.496
223.8403,138.992
223.9332,139.797
224.0261,69.898
224.119,116.205
224.2118,116.878
224.3047,116.878
224.3976,116.878
224.4905,116.205
224.5834,115.535
224.6762,117.555
224.7691,116.878
224.862,116.205
224.9549,58.439
225.0478,58.102
225.1406,123.828
225.2335,70.303
225.3264,97.716
225.4193,98.851
225.5122,193.187
225.605,202.324
225.6979,97.716
225.7908,
225.8837,97.153
225.9766,98.282
226.0694,98.282
226.1623,215.596
226.2552,98.282
226.3481,200.0
226.441,109.682
226.5338,107.798
226.6267,185.532
226.7196,177.154
226.8125,102.337
226.9054,213.12
226.9982,114.208
227.0911,118.236
227.184,270.07
227.2769,177.154
227.3698,84.577
227.4626,109.682
227.5555,107.798
227.6484,218.102
227.7413,225.793
227.8341,224.492
227.927,227.101
228.0199,235.11
228.1128,236.472
228.2057,232.409
228.2985,233.755
228.3914,241.999
228.4843,233.755
228.5772,236.472
228.6701,236.472
228.7629,123.828
228.8558,86.554
228.9487,68.698
229.0416,69.496
229.1345,84.09
229.2273,204.675
229.3202,68.302
229.4131,52.063
229.506,69.096
229.5989,176.133
229.6917,287.787
229.7846,155.114
229.8775,273.208
229.9704,135.817
230.0633,213.12
230.1561,197.703
230.249,231.071
230.3419,155.114
230.4348,74.915
230.5277,142.241
230.6205,213.12
230.7134,95.484
230.8063,65.218
230.8992,77.111
230.9921,
231.0849,59.118
231.1778,128.937
231.2707,70.711
231.3636,69.096
231.4565,50.0
231.5493,138.191
231.6422,138.191
231.7351,51.763
231.828,86.554
231.9209,239.219
232.0137,178.18
232.1066,87.055
232.1995,180.25
232.2924,58.102
232.3853,58.439
232.4781,
232.571,
232.6639,
232.7568,
232.8497,
232.9425,
233.0354,
233.1283,
233.2212,
233.3141,
233.4069,
233.4998,51.465
233.5927,68.302
233.6856,52.365
233.7785,51.763
233.8713,130.435
233.9642,126.722
234.0571,127.456
234.15,244.811
234.2429,220.636
234.3357,135.035
234.4286,113.55
234.5215,223.199
234.6144,223.199
234.7073,213.12
234.8001,220.636
234.893,207.053
234.9859,102.337
235.0788,202.324
235.1717,220.636
235.2645,250.533
235.3574,237.841
235.4503,219.365
235.5432,244.811
235.6361,237.841
235.7289,235.11
235.8218,213.12
235.9147,213.12
236.0076,184.463
236.1005,176.133
236.1933,58.439
236.2862,58.439
236.3791,
236.472,
236.5649,
236.6577,
236.7506,
236.8435,
236.9364,
237.0292,
237.1221,
237.215,
237.3079,
237.4008,
237.4936,
237.5865,
237.6794,
237.7723,
237.8652,
237.958,
238.0509,
238.1438,
238.2367,
238.3296,
238.4224,
238.5153,
238.6082,
238.7011,
238.794,
238.8868,
238.9797,
239.0726,
239.1655,
239.2584,
239.3512,
239.4441,
239.537,
239.6299,
239.7228,
239.8156,
239.9085,
240.0014,
240.0943,
240.1872,
240.28,
240.3729,
240.4658,
240.5587,
240.6516,
240.7444,
240.8373,
240.9302,
241.0231,
241.116,
241.2088,
241.3017,
241.3946,
241.4875,
241.5804,
241.6732,110.957
241.7661,118.921
241.859,197.703
241.9519,233.755
242.0448,228.416
242.1376,231.071
242.2305,219.365
242.3234,229.74
242.4163,233.755
242.5092,144.727
242.602,143.893
242.6949,67.909
242.7878,87.055
242.8807,87.559
242.9736,87.559
243.0664,175.119
243.1593,87.055
243.2522,175.119
243.3451,174.11
243.438,175.119
243.5308,175.119
243.6237,117.555
243.7166,117.555
243.8095,117.555
243.9024,
243.9952,131.951
244.0881,128.937
244.181,64.097
244.2739,64.842
244.3668,65.218
244.4596,110.318
244.5525,65.595
244.6454,173.107
244.7383,129.684
244.8312,65.218
244.924,64.842
245.0169,
245.1098,
245.2027,
245.2956,
245.3884,
245.4813,
245.5742,
245.6671,
245.76,
245.8528,
245.9457,59.118
246.0386,116.205
246.1315,125.992
246.2243,128.937
246.3172,250.533
246.4101,244.811
246.503,188.775
246.5959,229.74
246.6887,232.409
246.7816,203.496
246.8745,236.472
246.9674,76.666
247.0603,235.11
247.1531,133.484
247.246,240.605
247.3389,208.252
247.4318,127.456
247.5247,125.266
247.6175,130.435
247.7104,128.937
247.8033,263.902
247.8962,270.07
247.9891,421.344
248.0819,414.106
248.1748,512.778
248.2677,171.119
248.3606,57.768
248.4535,66.742
248.5463,
248.6392,
248.7321,
248.825,
248.9179,
249.0107,
249.1036,
249.1965,
249.2894,
249.3823,
249.4751,
249.568,
249.6609,
249.7538,67.517
249.8467,88.067
249.9395,131.191
250.0324,131.191
250.1253,172.11
250.2182,
250.3111,211.893
250.4039,229.74
250.4968,246.229
250.5897,174.11
250.6826,174.11
250.7755,221.914
